url_path,views_total,views_unique
/xiu14/st-first-message,98,63
/xiu14/st-first-message/blob/main/README.md,12,4
/xiu14/st-first-message/actions,8,1
/xiu14/st-first-message/tree/github-repo-stats/xiu14/st-first-message/latest-report,6,1
/xiu14/st-first-message/tree/main,6,1
/xiu14/st-first-message/pulse,5,1
/xiu14/st-first-message/edit/main/README.md,4,2
/xiu14/st-first-message/actions/workflows/repo-stats.yml,4,1
/xiu14/st-first-message/actions/runs/23701387956,3,1
/xiu14/st-first-message/actions/runs/23701387956/job/69046048191,3,1
